Datetime,Water Level (m)
2025-02-27 12:00:00,-1.3054491
2025-02-27 13:00:00,-1.7781422
2025-02-27 14:00:00,-1.8559433
2025-02-27 15:00:00,-0.9485568
2025-02-27 16:00:00,-0.010445276
2025-02-27 17:00:00,0.7761576
2025-02-27 18:00:00,1.2670267
2025-02-27 19:00:00,1.4876711
2025-02-27 20:00:00,1.4146961
2025-02-27 21:00:00,0.96080834
2025-02-27 22:00:00,0.3271569
2025-02-27 23:00:00,-0.324926
2025-02-28 00:00:00,-1.0240947
2025-02-28 01:00:00,-1.6554093
2025-02-28 02:00:00,-2.1415193
2025-02-28 03:00:00,-1.617758
2025-02-28 04:00:00,-0.48536465
2025-02-28 05:00:00,0.33143476
2025-02-28 06:00:00,0.9669946
2025-02-28 07:00:00,1.2061919
2025-02-28 08:00:00,1.2520475
2025-02-28 09:00:00,0.9813346
2025-02-28 10:00:00,0.38910565
2025-02-28 11:00:00,-0.22737184
2025-02-28 12:00:00,-0.9010968
2025-02-28 13:00:00,-1.4956564
2025-02-28 14:00:00,-2.0180993
2025-02-28 15:00:00,-1.7752615
2025-02-28 16:00:00,-0.5058736
2025-02-28 17:00:00,0.41828454
2025-02-28 18:00:00,1.1427466
2025-02-28 19:00:00,1.4665889
2025-02-28 20:00:00,1.5606468
2025-02-28 21:00:00,1.3152174
2025-02-28 22:00:00,0.7010879
2025-02-28 23:00:00,0.060564537
2025-03-01 00:00:00,-0.64680934
2025-03-01 01:00:00,-1.2957995
2025-03-01 02:00:00,-1.9312655
2025-03-01 03:00:00,-2.1599927
2025-03-01 04:00:00,-1.0634542
2025-03-01 05:00:00,-0.0359651
2025-03-01 06:00:00,0.7630578
2025-03-01 07:00:00,1.2484092
2025-03-01 08:00:00,1.431061
2025-03-01 09:00:00,1.3374729
2025-03-01 10:00:00,0.8705565
2025-03-01 11:00:00,0.2417833
2025-03-01 12:00:00,-0.4025311
2025-03-01 13:00:00,-1.0722821
2025-03-01 14:00:00,-1.6853857
2025-03-01 15:00:00,-2.128686
2025-03-01 16:00:00,-1.2242297
2025-03-01 17:00:00,-0.08943612
2025-03-01 18:00:00,0.7539821
2025-03-01 19:00:00,1.3042983
2025-03-01 20:00:00,1.5999453
2025-03-01 21:00:00,1.556125
2025-03-01 22:00:00,1.166853
2025-03-01 23:00:00,0.5104745
2025-03-02 00:00:00,-0.15324706
2025-03-02 01:00:00,-0.86173964
2025-03-02 02:00:00,-1.4751678
2025-03-02 03:00:00,-2.0376942
2025-03-02 04:00:00,-1.8809798
2025-03-02 05:00:00,-0.604249
2025-03-02 06:00:00,0.33640784
2025-03-02 07:00:00,1.0845976
2025-03-02 08:00:00,1.4254066
2025-03-02 09:00:00,1.5293736
2025-03-02 10:00:00,1.3124894
2025-03-02 11:00:00,0.73280656
2025-03-02 12:00:00,0.11501275
2025-03-02 13:00:00,-0.5954208
2025-03-02 14:00:00,-1.2216593
2025-03-02 15:00:00,-1.7826039
2025-03-02 16:00:00,-1.9352115
2025-03-02 17:00:00,-0.7510565
2025-03-02 18:00:00,0.21121787
2025-03-02 19:00:00,1.0018733
2025-03-02 20:00:00,1.3935673
2025-03-02 21:00:00,1.5576693
2025-03-02 22:00:00,1.3923264
2025-03-02 23:00:00,0.8500948
2025-03-03 00:00:00,0.22591631
2025-03-03 01:00:00,-0.50235766
2025-03-03 02:00:00,-1.122349
2025-03-03 03:00:00,-1.8019923
2025-03-03 04:00:00,-2.1437852
2025-03-03 05:00:00,-1.2906841
2025-03-03 06:00:00,-0.21038397
2025-03-03 07:00:00,0.6277201
2025-03-03 08:00:00,1.2233362
2025-03-03 09:00:00,1.4868981
2025-03-03 10:00:00,1.4852102
2025-03-03 11:00:00,1.1469058
2025-03-03 12:00:00,0.5342946
2025-03-03 13:00:00,-0.07705946
2025-03-03 14:00:00,-0.76784205
2025-03-03 15:00:00,-1.367235
2025-03-03 16:00:00,-1.84173
2025-03-03 17:00:00,-1.6144146
2025-03-03 18:00:00,-0.4590794
2025-03-03 19:00:00,0.35880423
2025-03-03 20:00:00,1.0107055
2025-03-03 21:00:00,1.2971944
2025-03-03 22:00:00,1.3704059
2025-03-03 23:00:00,1.1106361
2025-03-04 00:00:00,0.5306495
2025-03-04 01:00:00,-0.07925422
2025-03-04 02:00:00,-0.7625184
2025-03-04 03:00:00,-1.3797442
2025-03-04 04:00:00,-1.9190297
2025-03-04 05:00:00,-1.9697086
2025-03-04 06:00:00,-0.8861308
2025-03-04 07:00:00,0.026583003
2025-03-04 08:00:00,0.7926686
2025-03-04 09:00:00,1.220087
2025-03-04 10:00:00,1.4222753
2025-03-04 11:00:00,1.3628544
2025-03-04 12:00:00,0.9405075
2025-03-04 13:00:00,0.36133158
2025-03-04 14:00:00,-0.2615811
2025-03-04 15:00:00,-0.89427036
2025-03-04 16:00:00,-1.4268129
2025-03-04 17:00:00,-1.7609506
2025-03-04 18:00:00,-1.2306547
2025-03-04 19:00:00,-0.29324108
2025-03-04 20:00:00,0.4135897
2025-03-04 21:00:00,0.8824346
2025-03-04 22:00:00,1.1053299
2025-03-04 23:00:00,1.1004431
2025-03-05 00:00:00,0.7653459
2025-03-05 01:00:00,0.22113346
2025-03-05 02:00:00,-0.34657323
2025-03-05 03:00:00,-0.9948739
2025-03-05 04:00:00,-1.5264863
2025-03-05 05:00:00,-1.9295007
2025-03-05 06:00:00,-1.604331
2025-03-05 07:00:00,-0.6148308
2025-03-05 08:00:00,0.14298137
2025-03-05 09:00:00,0.78347635
2025-03-05 10:00:00,1.1268156
2025-03-05 11:00:00,1.2877021
2025-03-05 12:00:00,1.1922125
